ip,anonymityLevel,asn,country,isp,latency,org,port,protocols,responseTime,speed,updated_at,upTime,upTimeSuccessCount,upTimeTryCount
"58.55.134.85","elite","AS4134","CN","Chinanet","290","Chinanet HB","1080","socks5","397","1","2023-10-18T11:27:55.535Z","69","3070","4442"
"82.115.18.179","elite","AS212552","DE","BitCommand LLC","92","BitCommand LLC","1080","socks5","1189","1","2023-10-18T11:27:55.041Z","99","4323","4371"
"200.2.196.42","elite","AS4995","CL","Netup S.A.","295","Netup S.A","5678","socks4","1014","82","2023-10-18T11:27:55.235Z","35","1576","4466"
"177.85.205.173","elite","AS52554","BR","S. A. da Silva Junior","183","S. A. da Silva Junior","3629","socks4","1695","1","2023-10-18T11:27:54.956Z","58","2587","4451"
"168.227.158.45","elite","AS52898","BR","Multipla Serviços Inteligentes","202","Multipla Serviços Inteligentes","4145","socks4","1896","1","2023-10-18T11:27:54.049Z","99","4259","4286"
"138.68.135.103","elite","AS14061","GB","DigitalOcean, LLC","14","DigitalOcean, LLC","3128","socks5","1908","1","2023-10-18T11:27:54.047Z","93","4028","4330"
"196.0.39.50","elite","AS21491","UG","Uganda Telecom Ltd","198","UTL","5678","socks4","1005","1","2023-10-18T11:27:53.543Z","67","2941","4388"
"138.36.150.16","elite","AS263729","AR","Pedraza Luis Eduardo","241","Pedraza Luis Eduardo","1080","socks4","1097","1","2023-10-18T11:27:53.545Z","99","4335","4377"
"188.25.121.203","elite","AS8708","RO","RCS & RDS","38","RCS & RDS Residential","8081","socks4","1503","1","2023-10-18T11:27:53.350Z","85","3781","4426"
"104.17.50.45","elite","AS13335","US","Cloudflare, Inc.","2","Cloudflare, Inc.","80","socks5","1412","1","2023-10-18T11:27:53.344Z","100","4358","4359"
"186.235.184.9","elite","AS61888","BR","GFT COMERCIO DE TELEFONIA E COMUNICACAO LTDA","200","Avil Tecidos Recife Ltda","4153","socks4","2205","1","2023-10-18T11:27:52.747Z","100","4401","4415"
"171.247.168.5","elite","AS7552","VN","Viettel Corporation","385","VIETEL","1080","socks4","3889","1","2023-10-18T11:27:52.042Z","71","3052","4317"
"27.184.132.162","elite","AS4134","CN","Chinanet","204","Chinanet HE","21212","socks5","3901","1","2023-10-18T11:27:52.039Z","52","2209","4262"
"180.183.135.241","elite","AS45629","TH","Triple T Broadband Public Company Limited","177","Triple T Broadband Public Company Limited","1099","socks4","2398","1","2023-10-18T11:27:52.745Z","91","3943","4348"
"210.213.90.26","elite","AS9299","PH","Philippine Long Distance Telephone Co.","198","Philippine Long Distance Telephone Co","8080","socks4","4091","1","2023-10-18T11:27:52.036Z","98","4302","4406"
"138.36.199.14","elite","AS264586","BR","Speed Telecomunicacoes","189","Speed Telecomunicacoes","4153","socks4","2097","1","2023-10-18T11:27:51.039Z","99","4406","4469"
"83.53.207.196","elite","AS3352","ES","Telefonica de Espana SAU","34","RIMA (Red IP Multi Acceso)","4145","socks4","5195","1","2023-10-18T11:27:50.248Z","100","4348","4356"
"212.3.105.11","elite","AS57993","UA","FOP Khalik Andrey Volodumurovuch","99","HLink","4145","socks4","1990","1","2023-10-18T11:27:50.749Z","99","4390","4451"
"117.54.201.93","elite","AS9340","ID","PT IndoInternet","168","N/A","5678","socks4","4615","1","2023-10-18T11:27:50.246Z","99","4318","4371"
"172.64.80.55","elite","AS13335","CA","Cloudflare, Inc.","2","Cloudflare, Inc.","80","socks4","3994","1","2023-10-18T11:27:50.738Z","100","4338","4338"
"185.6.11.8","elite","AS12552","SE","GlobalConnect AB","33","Internet Vikings International AB","19427","socks5","2300","1","2023-10-18T11:27:50.554Z","100","4397","4397"
"202.183.24.38","elite","AS131736","ID","BIGNET","796","N/A","5678","socks4","4509","1","2023-10-18T11:27:50.348Z","66","2903","4404"
"104.129.206.65","elite","AS22616","US","ZSCALER, INC.","90","Zscaler, Inc.","8800","socks4","4099","1","2023-10-18T11:27:50.133Z","96","4293","4461"
"69.163.164.68","elite","AS26347","US","New Dream Network, LLC","185","New Dream Network, LLC","49538","socks4","1887","1","2023-10-18T11:27:50.942Z","100","4402","4403"
"119.18.152.138","elite","AS55685","ID","PT. Jala Lintas Media","194","N/A","4145","socks4","4194","1","2023-10-18T11:27:49.742Z","99","4385","4411"
"41.76.86.202","elite","AS37209","NG","Hyperia Limited","120","HYP PHC","5678","socks4","800","1","2023-10-18T11:27:49.738Z","61","2721","4440"
"194.195.240.60","elite","AS63949","DE","Akamai Technologies, Inc.","11","Linode","54210","socks4","4698","1","2023-10-18T11:27:48.049Z","85","3690","4323"
"110.78.149.20","elite","AS131090","TH","CAT-BB","258","N/A","4145","socks4","4789","98","2023-10-18T11:27:48.843Z","70","3092","4414"
"103.86.200.48","elite","AS136416","BD","Sorob IT LTD","184","Sorob IT LTD","5678","socks5","5091","2","2023-10-18T11:27:48.247Z","98","4234","4314"
"193.169.81.91","elite","AS49491","UA","Ternet LLC","37","Ternet LTD","5678","socks4","4797","1","2023-10-18T11:27:48.245Z","94","4157","4443"
"103.79.152.203","elite","AS131111","ID","MORATELINDO","212","Moratelindo","5678","socks4","4603","1","2023-10-18T11:27:48.132Z","96","4234","4403"
"148.251.84.230","elite","AS24940","DE","Hetzner Online GmbH","98","Hetzner","60001","socks4","4797","1","2023-10-18T11:27:48.243Z","100","4339","4339"
"185.238.228.202","elite","AS209242","GB","Cloudflare London, LLC","12","Invermae Solutions SL","80","socks4","4994","1","2023-10-18T11:27:47.249Z","100","4389","4389"
"178.128.221.243","elite","AS14061","SG","DigitalOcean, LLC","189","Digitalocean","26323","socks5","4509","1","2023-10-18T11:27:47.337Z","99","4392","4418"
"46.241.57.29","elite","AS21127","RU","ZSTTK","98","JSC Zap-Sib TransTeleCom","1080","socks5","4905","82","2023-10-18T11:27:46.242Z","46","2063","4460"
"115.72.160.36","elite","AS7552","VN","VIETELmetro","297","N/A","5678","socks4","4702","1","2023-10-18T11:27:46.236Z","85","3702","4366"
"60.211.195.150","elite","AS4837","CN","CNC Group CHINA169 Shandong Province Network","290","N/A","10800","socks4","5100","1","2023-10-18T11:27:45.138Z","87","3798","4367"
"177.52.26.234","elite","AS262282","BR","Maria Luciana Machado E CIA Ltda-me","1188","Maria Luciana Machado E CIA Ltda-me","4145","socks4","4702","1","2023-10-18T11:27:45.540Z","97","4291","4431"
"103.12.246.105","elite","AS134941","IN","Instant Cable Network PVT LTD","186","Instant Cable Network PVT LTD","4145","socks4","5005","1","2023-10-18T11:27:45.140Z","99","4386","4417"
"1.15.172.214","elite","AS45090","CN","Tencent Cloud Computing (Beijing) Co. Ltd.","182","Tencent Cloud Computing (Beijing) Co. Ltd.","7890","socks4","4792","87","2023-10-18T11:27:44.233Z","47","2033","4339"
"5.188.188.91","elite","AS202422","ES","G-Core Labs S.A.","20","G-Core Labs S.A","17317","socks4","4899","1","2023-10-18T11:27:44.250Z","98","4352","4434"
"58.236.162.216","elite","AS9318","KR","SK Broadband Co Ltd","300","broadNnet","1080","socks5","4705","1","2023-10-18T11:27:44.239Z","100","4461","4477"
"165.165.159.25","elite","AS5713","ZA","Telkom SA Ltd.","318","Telkom SA Limited","1888","socks4","5195","1","2023-10-18T11:27:44.241Z","98","4355","4434"
"45.8.107.79","elite","AS209242","DE","Cloudflare London, LLC","87","Araxio Development N.V","80","socks4","4801","1","2023-10-18T11:27:44.153Z","100","4370","4371"
"116.105.165.83","elite","AS7552","VN","Viettel Corporation","388","Viettel Group","1080","socks5","4995","1","2023-10-18T11:27:43.933Z","64","2821","4423"
"128.199.131.98","elite","AS14061","SG","DigitalOcean, LLC","197","DigitalOcean, LLC","18182","socks5","4800","1","2023-10-18T11:27:43.144Z","100","4321","4323"
"110.77.163.5","elite","AS131090","TH","CAT-BB","282","N/A","4145","socks4","4893","1","2023-10-18T11:27:43.937Z","92","4037","4404"
"2.135.223.134","elite","AS9198","KZ","JSC Kazakhtelecom","89","Legion","5678","socks4","5189","1","2023-10-18T11:27:43.850Z","95","4147","4385"
"213.149.103.132","elite","AS8585","ME","Crnogorski Telekom a.d.Podgorica","41","T ComServeri","56671","socks5","4904","1","2023-10-18T11:27:43.138Z","100","4420","4440"
"168.119.178.134","elite","AS24940","DE","Hetzner Online GmbH","79","Hetzner","1080","socks5","5087","1","2023-10-18T11:27:42.846Z","99","4288","4352"
"186.97.198.18","elite","AS27831","CO","Colombia Móvil","190","Colombia Móvil","5678","socks4","5098","1","2023-10-18T11:27:41.349Z","98","4342","4434"
"91.185.236.239","elite","AS21487","RU","Sakhatelecom","194","N/A","4145","socks4","4008","1","2023-10-18T11:27:41.040Z","94","4133","4388"
"217.150.58.185","elite","AS20485","RU","TRANS-TELECOM","86","N/A","1080","socks4","4911","1","2023-10-18T11:27:41.350Z","99","4413","4449"
"197.234.13.12","elite","AS36902","SC","Intelvision","176","Intelvision Ltd","4145","socks4","2802","3","2023-10-18T11:27:41.043Z","100","4334","4352"
"43.153.96.130","elite","AS132203","US","Shenzhen Tencent Computer Systems Company Limited","184","Tencent Cloud Computing","443","socks4","4304","1","2023-10-18T11:27:39.933Z","43","1877","4396"
"201.140.238.231","elite","AS266148","BR","Mais Fibra Telecomunicacao Ltda","188","Mais Fibra Telecomunicacao Ltda","5678","socks4","4701","1","2023-10-18T11:27:39.543Z","100","4440","4458"
"192.12.112.65","elite","AS61942","BR","Turbonet Telecom Ltda","197","Turbonet Telecom Ltda","4145","socks4","4289","1","2023-10-18T11:27:39.935Z","99","4384","4433"
"91.224.179.175","elite","AS197602","UA","TeleRadioCompany \"Studio TV-9 Beregsasom\" Ltd.","44","TV9 net 2","5678","socks4","3981","1","2023-10-18T11:27:39.544Z","96","4279","4478"
"103.240.33.161","elite","AS132923","IN","Vihaan Telecommunication Pvt. Ltd.","200","Vihaan","8291","socks4","4204","2","2023-10-18T11:27:39.540Z","99","4387","4449"
"212.102.47.83","elite","AS212238","US","Datacamp Limited","197","Cdnext SEA","8219","socks4","4701","1","2023-10-18T11:27:39.542Z","100","4366","4368"
"203.34.28.148","elite","AS209242","VG","Cloudflare London, LLC","12","Anaga Consulting Limited","80","socks4","5096","1","2023-10-18T11:27:38.535Z","100","4362","4363"
"36.92.177.9","elite","AS7713","ID","Telekomunikasi Indonesia","229","Temporary","1081","socks4","4792","1","2023-10-18T11:27:38.250Z","97","4321","4451"
"170.80.33.103","elite","AS266366","BR","Giga NET Telecomunicacoes Eireli - ME","260","Giga NET Telecomunicacoes Eireli - ME","5678","socks4","4320","1","2023-10-18T11:27:38.335Z","91","4074","4455"
"104.16.25.216","elite","AS13335","CA","Cloudflare, Inc.","3","Cloudflare, Inc.","80","socks5","2486","1","2023-10-18T11:27:38.537Z","100","4371","4371"
"180.183.13.200","elite","AS45629","TH","Triple T Broadband Public Company Limited","299","Triple T Broadband Public Company Limited","5678","socks4","5488","1","2023-10-18T11:27:36.840Z","93","4130","4436"
"45.112.125.58","elite","AS58369","ID","FIBERNET","198","N/A","4145","socks4","4496","1","2023-10-18T11:27:36.841Z","99","4267","4309"
"112.195.36.157","elite","AS4837","CN","China Unicom CHINA169 Sichuan Province Network","295","N/A","24388","socks4","1416","1","2023-10-18T11:27:35.145Z","60","2671","4423"
"141.105.86.130","elite","AS24634","LB","CYBERIA","54","N/A","44660","socks4","2103","1","2023-10-18T11:27:35.149Z","91","4066","4490"
"71.167.151.15","elite","AS701","US","Verizon Business","94","Verizon Business","8080","socks5","4608","1","2023-10-18T11:27:35.143Z","100","4200","4206"
"54.38.242.224","elite","AS16276","FR","OVH SAS","82","OVH","31143","socks5","4990","1","2023-10-18T11:27:35.533Z","98","4367","4476"
"178.62.63.229","elite","AS14061","GB","DigitalOcean, LLC","14","Digital Ocean","20682","socks4","4703","1","2023-10-18T11:27:35.534Z","83","3655","4378"
"8.214.194.44","elite","AS45102","SG","Alibaba (US) Technology Co., Ltd.","497","Alibaba.com Singapore E-Commerce Private Limited","443","socks4","5007","1","2023-10-18T11:27:35.446Z","99","4322","4366"
"98.206.244.30","elite","AS33491","US","Comcast Cable Communications, LLC","198","Comcast Cable Communications, Inc.","18301","socks4","5004","1","2023-10-18T11:27:35.146Z","100","4380","4382"
"101.108.232.195","elite","AS23969","TH","TOT Public Company Limited","165","TOT Public Company Limited","4145","socks4","4509","1","2023-10-18T11:27:33.750Z","45","1925","4265"
"36.89.85.49","elite","AS7713","ID","PT. Telekomunikasi Indonesia","295","Telekomunikasi Indonesia","5678","socks4","4813","1","2023-10-18T11:27:33.541Z","96","4249","4439"
"170.81.108.44","elite","AS266416","BR","L3 NETWORKS E TELECOMUNICACOES LTDA","293","L3 NETWORKS E TELECOMUNICACOES LTDA","4153","socks4","5498","1","2023-10-18T11:27:33.543Z","99","4394","4419"
"103.234.128.70","elite","AS9929","CN","China Telecom (Group)","190","Global ICT Solutions (ShangHai) CO., LTD","38157","socks4","2213","1","2023-10-18T11:27:33.545Z","85","3721","4395"
"178.44.113.205","elite","AS12389","RU","JSC VolgaTelecom","73","OJSC Volgatelecom in the Kirov region","53281","socks5","3515","81","2023-10-18T11:27:33.748Z","100","4325","4344"
"139.162.100.214","elite","AS63949","JP","Akamai Technologies, Inc.","287","Linode, LLC","18199","socks4","4095","1","2023-10-18T11:27:33.834Z","99","4300","4354"
"165.22.52.130","elite","AS14061","SG","DigitalOcean, LLC","198","DigitalOcean, LLC","8000","socks4","4414","1","2023-10-18T11:27:32.436Z","86","3781","4381"
"104.16.105.198","elite","AS13335","CA","Cloudflare, Inc.","2","Cloudflare, Inc.","80","socks4","5191","1","2023-10-18T11:27:32.434Z","100","4478","4479"
"126.70.140.73","elite","AS17676","JP","Softbank BB Corp.","287","SOFTBANK Corp","80","socks4","2610","1","2023-10-18T11:27:32.136Z","100","4384","4388"
"107.174.121.140","elite","AS36352","US","ColoCrossing","181","RackNerd LLC","3128","socks4","4398","82","2023-10-18T11:27:32.437Z","72","3107","4286"
"149.20.253.102","elite","AS18615","US","Mainstream Fiber Networks, LLC","98","Mainstream Fiber Networks, LLC","12551","socks4","4986","1","2023-10-18T11:27:32.444Z","100","4384","4392"
"103.70.159.154","elite","AS133720","IN","speednet","191","N/A","5678","socks4","3605","1","2023-10-18T11:27:32.134Z","99","4390","4434"
"178.249.218.34","elite","AS44219","IT","ICCOM s.r.l.","83","N/A","5678","socks4","5096","1","2023-10-18T11:27:32.137Z","94","4135","4389"
"159.89.206.252","elite","AS14061","SG","DigitalOcean, LLC","195","DigitalOcean, LLC","44590","socks4","4299","1","2023-10-18T11:27:30.642Z","100","4324","4340"
"198.98.49.82","elite","AS53667","US","FranTech Solutions","85","FranTech Solutions","443","socks5","4108","1","2023-10-18T11:27:30.644Z","100","4322","4328"
"38.127.173.104","elite","AS174","US","Cogent Communications","78","Torlandia Trading SRL","174","socks4","1710","1","2023-10-18T11:27:30.650Z","100","4349","4356"
"103.107.94.2","elite","AS135683","IN","Netncr Technology Pvt Ltd","190","Netncr Technology Pvt Ltd","44578","socks4","4698","1","2023-10-18T11:27:30.641Z","100","4336","4343"
"103.47.93.222","elite","AS134058","IN","Broban Internet Services Pvt.ltd","153","Broban  PVT Ltd.","1080","socks4","4497","1","2023-10-18T11:27:28.554Z","99","4363","4401"
"186.249.240.146","elite","AS263027","BR","R. F. COVRE - INFORMATICA","291","R. F. COVRE - INFORMATICA","50733","socks4","5102","1","2023-10-18T11:27:28.633Z","60","2668","4448"
"110.34.166.184","elite","AS45652","SG","VPLS, Inc.","321","Vpls Sin1","4153","socks4","5095","1","2023-10-18T11:27:28.636Z","99","4375","4433"
"45.7.210.200","elite","AS265729","AR","Cooperativa de Servicios Públicos de Porteña LTDA","239","Cooperativa de Servicios Públicos de Porteña LTDA","4153","socks4","3898","1","2023-10-18T11:27:28.635Z","99","4462","4490"
"46.227.37.149","elite","AS51155","PL","Telemedian - TB Telecom","40","Telemedian","1088","socks4","4994","1","2023-10-18T11:27:28.939Z","100","4443","4455"
"185.237.10.250","elite","AS34636","IR","Laser Company Ltd","187","Laser Company Ltd","20213","socks5","5203","1","2023-10-18T11:27:28.637Z","95","4241","4444"
"36.91.233.114","elite","AS7713","ID","PT Telekomunikasi Indonesia","297","Telekomunikasi Indonesia","5678","socks4","4015","1","2023-10-18T11:27:28.548Z","99","4332","4387"
"177.53.169.178","elite","AS262474","BR","Alterna Telecomunicacoes E Conectividade Ltda EPP","200","Alterna Telecomunicacoes E Conectividade Ltda EPP","4153","socks4","4599","1","2023-10-18T11:27:27.435Z","99","4400","4427"
"5.160.168.134","elite","AS42337","IR","Respina Networks & Beyond PJSC","103","Respina","5678","socks4","5083","1","2023-10-18T11:27:27.244Z","96","4167","4327"
"51.68.125.26","elite","AS16276","FR","OVH SAS","6","OVH","7497","socks5","5003","1","2023-10-18T11:27:27.441Z","100","4425","4425"
"104.16.106.234","elite","AS13335","CA","Cloudflare, Inc.","2","Cloudflare, Inc.","80","socks4","4890","1","2023-10-18T11:27:27.242Z","100","4472","4473"
"139.170.229.78","elite","AS4837","CN","China Unicom Qinghai Province Network","394","N/A","7080","socks5","4505","1","2023-10-18T11:27:24.839Z","86","3777","4377"
"209.97.175.231","elite","AS14061","SG","DigitalOcean, LLC","198","DigitalOcean, LLC","45337","socks5","4014","1","2023-10-18T11:27:24.837Z","95","4181","4409"
"50.63.26.13","elite","AS398101","US","GoDaddy.com, LLC","198","GoDaddy.com, LLC","53887","socks4","908","84","2023-10-18T11:27:24.645Z","100","4401","4403"
"103.35.109.142","elite","AS23991","BD","Ranks ITT","183","Ranks ITT Ltd.","4145","socks4","4899","1","2023-10-18T11:27:24.838Z","99","4437","4466"
"5.135.178.11","elite","AS16276","FR","OVH SAS","84","OVH","11624","socks5","4999","1","2023-10-18T11:27:24.643Z","100","4419","4419"
"43.157.53.134","elite","AS132203","DE","Shenzhen Tencent Computer Systems Company Limited","82","Tencent Cloud Computing","443","socks4","3687","1","2023-10-18T11:27:24.647Z","83","3658","4405"
"115.133.236.53","elite","AS4788","MY","TM TECHNOLOGY SERVICES SDN BHD","195","Adsl Streamyx","8080","socks4","4997","1","2023-10-18T11:27:22.734Z","100","4337","4354"
"104.19.83.128","elite","AS13335","CA","Cloudflare, Inc.","78","Cloudflare, Inc.","80","socks4","5095","1","2023-10-18T11:27:22.736Z","100","4302","4302"
"74.33.175.72","elite","AS5650","US","Frontier Communications Solutions","194","ADSL Frontier Communications Plymouth NY","8080","socks5","4994","1","2023-10-18T11:27:22.732Z","88","3877","4427"
"105.235.193.226","elite","AS37269","NG","Information Connectivity Solutions Limited","183","N/A","44624","socks4","5008","1","2023-10-18T11:27:22.649Z","64","2740","4300"
"117.102.78.165","elite","AS17451","ID","BIZNET","179","N/A","1080","socks4","5012","1","2023-10-18T11:27:22.744Z","97","4278","4389"
"36.95.48.45","elite","AS7713","ID","PT. Telekomunikasi Indonesia","191","Telekomunikasi Indonesia","1080","socks4","4608","1","2023-10-18T11:27:22.738Z","98","4382","4465"
"125.46.179.58","elite","AS4837","CN","CNC Group CHINA169 Henan Province Network","212","N/A","44844","socks5","3600","1","2023-10-18T11:27:22.743Z","54","2380","4399"
"67.207.75.252","elite","AS14061","DE","DigitalOcean, LLC","85","DigitalOcean, LLC","58927","socks5","4982","1","2023-10-18T11:27:22.944Z","100","4382","4382"
"103.212.95.253","elite","AS138312","IN","Best Telnet Services Private Limited","197","Best telnet services private limited","41363","socks4","4900","1","2023-10-18T11:27:20.651Z","99","4400","4423"
"103.47.93.217","elite","AS134058","IN","Broban Internet Services Pvt.ltd","183","Broban  PVT Ltd.","1080","socks4","4993","1","2023-10-18T11:27:20.736Z","99","4367","4399"
"45.196.148.8","elite","AS7018","US","AT&T Services, Inc.","86","AQUA Networks Limited","5432","socks4","4499","1","2023-10-18T11:27:20.738Z","98","4322","4399"
"185.36.132.223","elite","AS199752","NL","Go-Trex Internet Solution Partner","19","Go-Trex","9050","socks5","4510","1","2023-10-18T11:27:20.649Z","100","4349","4351"
"117.241.135.33","elite","AS9829","IN","BSNL Internet","197","N/A","5678","socks4","897","1","2023-10-18T11:27:20.734Z","96","4273","4440"
"5.9.144.19","elite","AS24940","DE","Hetzner Online GmbH","24","Hetzner","24940","socks5","4710","1","2023-10-18T11:27:18.536Z","77","3352","4358"
"183.62.58.35","elite","AS4134","CN","Chinanet","289","Guangzhourunbaoxinxikejiyouxian","1080","socks4","4700","1","2023-10-18T11:27:18.534Z","83","3659","4413"
"185.162.231.254","elite","AS209242","GB","Cloudflare London, LLC","12","Softconstruct Limited","80","socks5","5012","1","2023-10-18T11:27:18.532Z","100","4287","4287"
"78.186.111.34","elite","AS9121","TR","TurkTelecom","92","N/A","1080","socks4","273","1","2023-10-18T11:27:18.735Z","94","4157","4426"
"177.125.160.69","elite","AS262346","BR","FP Telecomunicacoes Ltda","293","FP Telecomunicacoes Ltda","4145","socks4","5094","1","2023-10-18T11:27:18.443Z","71","3157","4441"
"27.73.115.113","elite","AS7552","VN","Newass2011xDSLHN","298","N/A","5000","socks4","3589","1","2023-10-18T11:27:18.445Z","56","2429","4371"
"113.53.29.228","elite","AS23969","TH","TOT Public Company Limited","162","TOT Public Company Limited","13629","socks4","5089","1","2023-10-18T11:27:16.145Z","100","4331","4344"
"110.78.152.246","elite","AS131090","TH","CAT-BB","255","N/A","5678","socks4","4795","1","2023-10-18T11:27:16.147Z","60","2610","4372"
"104.16.106.65","elite","AS13335","CA","Cloudflare, Inc.","2","Cloudflare, Inc.","80","socks5","4612","1","2023-10-18T11:27:16.238Z","100","4353","4353"
"186.251.255.45","elite","AS267513","BR","Seanet Telecom Carazinho Eireli","213","Seanet Telecom Carazinho Eireli","31337","socks4","4615","2","2023-10-18T11:27:16.237Z","99","4360","4388"
"119.8.27.130","elite","AS136907","HK","Huawei International Pte. LTD","383","N/A","1080","socks5","3310","1","2023-10-18T11:27:14.350Z","88","3827","4342"
"185.238.228.96","elite","AS209242","GB","Cloudflare London, LLC","12","Invermae Solutions SL","80","socks4","5098","1","2023-10-18T11:27:14.349Z","100","4326","4326"
"49.51.98.98","elite","AS132203","CA","OPHL","100","Tencent cloud computing (Beijing) Co., Ltd.","443","socks4","3593","1","2023-10-18T11:27:14.439Z","18","792","4411"
"141.11.182.4","elite","AS43350","NL","NForce Entertainment B.V.","13","RACK400 com netherlands Infrastructure","3211","socks4","5097","83","2023-10-18T11:27:12.444Z","85","3642","4301"
"36.37.180.59","elite","AS38623","KH","VIETTEL (CAMBODIA) PTE","240","Viettel (cambodia) Pte., Ltd.","1080","socks4","4993","1","2023-10-18T11:27:10.534Z","98","4253","4354"
"89.237.33.65","elite","AS20485","RU","multi-origin SUTTK","101","N/A","51549","socks4","4987","1","2023-10-18T11:27:10.445Z","99","4350","4393"
"1.20.137.82","elite","AS23969","TH","TOT Public Company Limited","184","TOT Mobile Co LTD","32241","socks4","992","2","2023-10-18T11:27:10.536Z","100","4365","4382"
"165.225.94.122","elite","AS62044","CH","Zscaler Switzerland GmbH","15","Zscaler, Inc","10605","socks5","4589","78","2023-10-18T11:27:10.443Z","83","3703","4486"
"38.127.172.198","elite","AS174","US","Cogent Communications","82","Torlandia Trading SRL","11537","socks4","4905","1","2023-10-18T11:27:10.542Z","100","4356","4364"
"110.74.195.33","elite","AS38901","KH","EZECOM limited","200","EZECOM limited","5678","socks4","1314","1","2023-10-18T11:27:10.537Z","95","4208","4423"
"31.210.52.133","elite","AS49334","TR","SH ONLINE ILETISIM ANONIM SIRKETI","49","SH ONLINE ILETISIM ANONIM SIRKETI","29242","socks4","4501","1","2023-10-18T11:27:10.647Z","89","3964","4450"
"155.138.238.14","elite","AS20473","US","The Constant Company","95","Vultr Holdings, LLC","808","socks5","4797","1","2023-10-18T11:27:10.441Z","100","4419","4426"
"178.212.54.161","elite","AS197025","PL","Lubuskie Sieci Swiatlowodowe Sp. z o. o.","97","Lubuskie Sieci Swiatlowodowe Sp. z o. o","1080","socks4","4193","2","2023-10-18T11:27:10.648Z","98","4305","4393"
"104.25.234.81","elite","AS13335","CA","Cloudflare, Inc.","78","Cloudflare, Inc.","80","socks5","5096","1","2023-10-18T11:27:10.533Z","100","4342","4344"
"183.89.9.20","elite","AS45629","TH","Triple T Broadband Public Company Limited","210","Triple T Broadband Public Company Limited","4153","socks4","5088","82","2023-10-18T11:27:10.541Z","97","4281","4398"
"31.43.63.70","elite","AS50581","UA","Ukrainian Telecommunication Group LLC","50","UTELECOMUA B2","4145","socks4","5098","1","2023-10-18T11:27:10.450Z","96","4193","4386"
"110.78.186.153","elite","AS131090","TH","CAT-BB","252","N/A","4145","socks4","2694","1","2023-10-18T11:27:10.444Z","75","3264","4380"
"110.78.141.77","elite","AS131090","TH","CAT-BB","289","N/A","4145","socks4","5096","1","2023-10-18T11:27:08.633Z","69","3032","4367"
"43.153.52.170","elite","AS132203","US","Shenzhen Tencent Computer Systems Company Limited","152","Tencent Cloud Computing","443","socks4","3012","1","2023-10-18T11:27:08.554Z","75","3297","4414"
"45.60.186.208","elite","AS19551","US","Incapsula Inc","12","Incapsula Inc","27488","socks5","2693","1","2023-10-18T11:27:08.553Z","100","4265","4265"
"108.175.23.49","elite","AS33258","US","Computer Solutions","113","Computer Solutions","13135","socks4","3691","1","2023-10-18T11:27:06.446Z","99","4413","4446"
"38.127.179.249","elite","AS174","US","Cogent Communications","87","Torlandia Trading SRL","11537","socks5","3702","1","2023-10-18T11:27:06.540Z","100","4336","4343"
"103.105.40.65","elite","AS137143","IN","Minnal Digital Network Private Limited","189","Minnal Digital Network Private Limited","4145","socks4","4009","1","2023-10-18T11:27:06.440Z","100","4411","4429"
"45.7.210.195","elite","AS265729","AR","Cooperativa de Servicios Públicos de Porteña LTDA","241","Cooperativa de Servicios Públicos de Porteña LTDA","4153","socks4","4514","1","2023-10-18T11:27:06.542Z","99","4335","4365"
"212.83.162.168","elite","AS12876","FR","Online","1","Free SAS","2019","socks4","4806","1","2023-10-18T11:27:06.539Z","91","4050","4431"
"110.73.11.181","elite","AS4837","CN","China Unicom Guangxi Province Network","193","N/A","8123","socks4","4903","2","2023-10-18T11:27:06.437Z","63","2754","4389"
"43.130.199.69","elite","AS132203","CA","Shenzhen Tencent Computer Systems Company Limited","94","Tencent Cloud Computing","443","socks5","5096","1","2023-10-18T11:27:06.438Z","86","3771","4410"
"138.36.150.13","elite","AS263729","AR","Pedraza Luis Eduardo","293","Pedraza Luis Eduardo","1080","socks4","3997","84","2023-10-18T11:27:06.537Z","99","4396","4438"
"89.237.32.66","elite","AS20485","RU","multi-origin SUTTK","83","N/A","51549","socks4","5012","1","2023-10-18T11:27:06.436Z","99","4409","4462"
"45.196.148.117","elite","AS7018","US","AT&T Services, Inc.","84","AQUA Networks Limited","5432","socks4","4999","1","2023-10-18T11:27:06.535Z","98","4272","4351"
"185.56.180.14","elite","AS206866","ES","GARTEL","38","Gartel","5678","socks4","1408","82","2023-10-18T11:27:06.840Z","100","4470","4472"
"178.150.113.211","elite","AS13188","UA","Triolan","48","N/A","1080","socks4","3899","1","2023-10-18T11:27:05.138Z","98","4256","4352"
"116.199.174.1","elite","AS45661","IN","Capture Network Systems Pvt Ltd","186","Capture Network Systems Pvt. Ltd.","4145","socks4","1719","1","2023-10-18T11:27:05.133Z","34","1492","4432"
"104.16.109.213","elite","AS13335","CA","Cloudflare, Inc.","2","Cloudflare, Inc.","80","socks4","4193","1","2023-10-18T11:27:04.846Z","100","4335","4335"
"213.159.247.65","elite","AS6703","UA","Vega Kiev","98","N/A","5678","socks4","4601","81","2023-10-18T11:27:04.035Z","98","4335","4412"
"157.245.59.71","elite","AS14061","SG","DigitalOcean, LLC","193","DigitalOcean, LLC","42765","socks4","2699","1","2023-10-18T11:27:04.933Z","100","4415","4416"
"203.142.68.210","elite","AS17451","ID","BIZNET","175","N/A","5678","socks4","429","1","2023-10-18T11:27:04.936Z","100","4399","4414"
"165.225.8.100","elite","AS22616","US","ZSCALER, INC.","79","Zscaler, Inc","10605","socks4","4700","1","2023-10-18T11:27:04.033Z","97","4363","4480"
"45.77.210.72","elite","AS20473","US","The Constant Company","184","Vultr Holdings, LLC","11874","socks5","3205","1","2023-10-18T11:27:03.948Z","58","2526","4363"
"188.133.153.60","elite","AS21353","RU","Enforta-MSK","64","N/A","8080","socks5","896","1","2023-10-18T11:27:03.946Z","98","4368","4437"
"46.167.238.54","elite","AS16019","CZ","UPC Czech","27","Tkom Plus sro, customers space","5678","socks5","4995","1","2023-10-18T11:27:03.944Z","99","4316","4348"
"104.20.205.191","elite","AS13335","CA","Cloudflare, Inc.","2","Cloudflare, Inc.","80","socks4","5095","1","2023-10-18T11:27:02.452Z","100","4404","4405"
"89.237.33.113","elite","AS20485","RU","multi-origin SUTTK","85","N/A","51549","socks4","81","81","2023-10-18T11:27:00.448Z","99","4303","4361"
"37.152.163.95","elite","AS198569","IR","Rahanet Zanjan Co. (Private Joint-Stock)","294","Rahanet Zanjan Co.","4153","socks4","4604","1","2023-10-18T11:27:00.646Z","94","4143","4404"
"190.104.26.227","elite","AS27882","BO","Telefónica Celular de Bolivia S.A.","197","Telefónica Celular de Bolivia S.A","33638","socks4","3690","1","2023-10-18T11:27:00.643Z","100","4409","4413"
"124.220.170.33","elite","AS45090","CN","China Internet Network Information Center","195","Tencent cloud computing (Beijing) Co., Ltd.","2080","socks4","817","1","2023-10-18T11:27:00.645Z","83","3677","4417"
"47.252.4.1","elite","AS45102","US","Alibaba.com LLC","79","ALICLOUD-US","80","socks4","5001","1","2023-10-18T11:27:00.650Z","88","3837","4366"
"109.94.182.128","elite","AS44895","RU","MTS PJSC","56","Antenna-Garant","4145","socks4","3408","82","2023-10-18T11:27:00.535Z","94","4158","4443"
"41.60.234.235","elite","AS30844","KE","Maintainer Liquid Telecommunications Operations Limited","188","Liquid Telecommunications Operations Limited","5678","socks4","5004","1","2023-10-18T11:27:00.446Z","87","3806","4370"
"79.154.189.19","elite","AS3352","ES","RIMA (Red IP Multi Acceso)","95","N/A","8080","socks5","4198","1","2023-10-18T11:27:00.533Z","98","4245","4315"
"178.22.221.201","elite","AS203877","RS","Astra Telekom DOO Beograd","100","Madnet","4145","socks4","4498","1","2023-10-18T11:27:00.649Z","99","4266","4310"
"178.32.116.232","elite","AS16276","FR","OVH SAS","5","OVH ISP","57123","socks5","4806","1","2023-10-18T11:27:00.845Z","100","4365","4365"
"78.109.139.51","elite","AS43314","RU","JSC \"ER-Telecom Holding\"","95","JSC local network","5678","socks4","5006","1","2023-10-18T11:27:00.443Z","99","4297","4322"
"151.232.55.190","elite","AS58224","IR","Iran Telecommunication Company PJS","390","N/A","80","socks4","4810","1","2023-10-18T11:27:00.536Z","64","2812","4417"
"149.20.253.108","elite","AS18615","US","Mainstream Fiber Networks, LLC","98","Mainstream Fiber Networks, LLC","12551","socks4","2385","1","2023-10-18T11:27:00.647Z","100","4414","4425"
"47.49.228.234","elite","AS20115","US","Charter Communications","140","Spectrum","80","socks5","1504","1","2023-10-18T11:26:58.444Z","99","4267","4295"
"110.78.149.43","elite","AS131090","TH","CAT-BB","298","N/A","4145","socks4","4890","1","2023-10-18T11:26:58.437Z","75","3225","4304"
"202.124.43.251","elite","AS9902","KH","NeocomISP Limited","192","NeocomISP Limited","4145","socks4","240","1","2023-10-18T11:26:58.438Z","99","4407","4445"
"202.50.202.109","elite","AS55696","ID","PT Starcom Solusindo","196","N/A","48617","socks4","5093","1","2023-10-18T11:26:58.443Z","99","4305","4336"
"182.253.159.153","elite","AS17451","ID","BIZNET","197","N/A","8080","socks5","4694","1","2023-10-18T11:26:58.441Z","96","4241","4419"
"103.212.93.225","elite","AS138312","IN","Best Telnet Services Private Limited","124","Best telnet services private limited","45639","socks4","1709","1","2023-10-18T11:26:58.738Z","99","4353","4387"
"143.202.227.51","elite","AS262346","BR","FP Telecomunicacoes Ltda","206","FP Telecomunicacoes Ltda","4145","socks4","5003","1","2023-10-18T11:26:56.850Z","81","3522","4350"
"202.183.9.154","elite","AS131736","ID","BIGNET","799","N/A","5678","socks4","4497","1","2023-10-18T11:26:56.634Z","75","3308","4401"
"177.38.5.192","elite","AS52964","BR","FÁBIO MENDES DIAS LTDA ME","204","FÁBIO MENDES DIAS LTDA ME","4153","socks4","4890","1","2023-10-18T11:26:56.849Z","94","4135","4413"
"186.211.6.137","elite","AS53156","BR","PortalSAT Telecom","187","eliziane oliveira sobrinho","4145","socks4","385","82","2023-10-18T11:26:56.550Z","99","4353","4416"
"103.47.93.246","elite","AS134058","IN","Broban Internet Services Pvt.ltd","194","Broban  PVT Ltd.","1080","socks4","4601","1","2023-10-18T11:26:56.637Z","99","4250","4289"
"45.228.77.131","elite","AS266682","AR","Daniel Marechal","218","Daniel Marechal","5678","socks4","5009","1","2023-10-18T11:26:56.633Z","96","4189","4349"
"68.183.44.44","elite","AS14061","GB","DigitalOcean, LLC","81","DigitalOcean, LLC","80","socks4","5107","1","2023-10-18T11:26:56.639Z","100","4345","4346"
"192.12.112.70","elite","AS61942","BR","Turbonet Telecom Ltda","196","Turbonet Telecom Ltda","4145","socks4","4698","1","2023-10-18T11:26:56.935Z","99","4302","4350"
"103.135.225.205","elite","AS138871","ID","SUPERCORRIDOR","170","N/A","4153","socks4","5004","1","2023-10-18T11:26:55.044Z","86","3724","4345"
"186.224.225.98","elite","AS53171","BR","Path Telecom S.A.","287","Path Telecom S.A","4145","socks4","4805","1","2023-10-18T11:26:55.038Z","100","4419","4435"
"103.89.62.69","elite","AS58972","IN","Bhomika Network PVT LTD","161","Bhomika Network Pvt Ltd","4153","socks4","5002","1","2023-10-18T11:26:54.735Z","99","4364","4398"
"157.185.178.152","elite","AS54994","CA","Meteverse Limited.","190","Meteverse Limited","26589","socks5","5016","1","2023-10-18T11:26:54.737Z","100","4291","4295"
"74.95.1.114","elite","AS33651","US","Comcast Cable Communications","157","Budget INN SAN Leandro","33108","socks4","353","1","2023-10-18T11:26:54.740Z","99","4334","4391"
"82.137.244.59","elite","AS29256","SY","ISP-TARASSUL","54","N/A","4145","socks4","2694","1","2023-10-18T11:26:53.046Z","98","4210","4303"
"94.139.170.82","elite","AS206065","IR","Farabord Dadeh Haye Iranian Co.","128","FDI LTE Static","33848","socks4","3404","1","2023-10-18T11:26:53.048Z","100","4447","4469"
"182.253.173.18","elite","AS17451","ID","Biznet Metronet","188","N/A","4153","socks4","1889","1","2023-10-18T11:26:52.744Z","95","4164","4368"
"139.255.75.98","elite","AS9905","ID","PT. LINKNET","187","N/A","8080","socks5","3110","1","2023-10-18T11:26:51.345Z","98","4310","4389"
"34.64.4.17","elite","AS139070","SG","Google Asia Pacific Pte. Ltd.","252","Google LLC","80","socks4","3401","1","2023-10-18T11:26:51.343Z","100","4345","4346"
"104.16.108.42","elite","AS13335","CA","Cloudflare, Inc.","2","Cloudflare, Inc.","80","socks4","4893","1","2023-10-18T11:26:51.344Z","100","4379","4380"
"189.201.189.2","elite","AS28438","MX","ATC HOLDING FIBRA MEXICO, S. DE R.L. DE C.V.","141","ATC HOLDING FIBRA MEXICO, S. DE R.L. DE C.V","4145","socks4","4907","1","2023-10-18T11:26:49.349Z","99","4355","4405"
"140.250.144.18","elite","AS4134","CN","Chinanet","294","Chinanet SD","1080","socks4","4011","1","2023-10-18T11:26:49.646Z","79","3485","4390"
"103.130.113.245","elite","AS138336","BD","The Potato","172","N/A","5678","socks4","4508","1","2023-10-18T11:26:49.249Z","83","3672","4400"
"180.120.79.221","elite","AS4134","CN","Chinanet","186","Chinanet JS","44844","socks5","4398","1","2023-10-18T11:26:49.343Z","58","2562","4400"
"101.51.104.72","elite","AS23969","TH","TOT Public Company Limited","184","TOT Public Company Limited","4145","socks4","5008","1","2023-10-18T11:26:49.350Z","62","2768","4449"
"114.235.230.149","elite","AS4134","CN","Chinanet","198","Chinanet JS","44844","socks5","4505","1","2023-10-18T11:26:49.645Z","63","2787","4455"
"68.183.25.78","elite","AS14061","US","DigitalOcean, LLC","82","DigitalOcean, LLC","23017","socks5","5108","1","2023-10-18T11:26:49.333Z","100","4359","4370"
"135.181.214.163","elite","AS24940","FI","Hetzner Online GmbH","37","Hetzner","57648","socks4","897","1","2023-10-18T11:26:49.348Z","100","4323","4324"
"202.159.35.33","elite","AS9340","ID","PT IndoInternet","189","N/A","443","socks4","4912","1","2023-10-18T11:26:49.642Z","100","4468","4479"
"103.84.178.193","elite","AS136279","IN","Glo Internet Services Pvt Ltd","145","Glo  Pvt Ltd","4153","socks4","5088","1","2023-10-18T11:26:49.344Z","100","4278","4292"
"118.172.227.30","elite","AS23969","TH","TOT Public Company Limited","187","TOT Public Company Limited","5678","socks4","4598","1","2023-10-18T11:26:49.643Z","100","4453","4468"
"58.214.69.198","elite","AS4134","CN","Chinanet","216","Chinanet JS","28643","socks4","4603","1","2023-10-18T11:26:49.342Z","33","1453","4399"
"136.243.148.97","elite","AS24940","DE","Hetzner Online GmbH","23","Hetzner","25928","socks4","430","1","2023-10-18T11:26:49.251Z","32","1377","4338"
"168.205.217.41","elite","AS264869","BR","SPEED MAX TELECOMUNICAÇÕES LTDA ME","283","SPEED MAX TELECOMUNICAÇÕES LTDA ME","4145","socks5","5087","1","2023-10-18T11:26:47.441Z","73","3262","4453"
"223.25.98.82","elite","AS9341","ID","PT Indonesia Comnets Plus","211","Sinerginet","5678","socks4","4797","1","2023-10-18T11:26:47.440Z","87","3897","4483"
"110.78.141.219","elite","AS131090","TH","CAT-BB","299","N/A","4145","socks4","5087","1","2023-10-18T11:26:47.443Z","69","3063","4420"
"197.234.13.70","elite","AS36902","SC","Intelvision","192","Intelvision Ltd","4145","socks4","5088","89","2023-10-18T11:26:45.446Z","100","4366","4383"
"177.38.5.240","elite","AS52964","BR","FÁBIO MENDES DIAS LTDA ME","210","FÁBIO MENDES DIAS LTDA ME","4153","socks4","311","1","2023-10-18T11:26:45.544Z","95","4189","4403"
"50.116.60.163","elite","AS63949","US","Akamai Technologies, Inc.","82","Linode","37170","socks4","4801","82","2023-10-18T11:26:45.448Z","98","4235","4341"
"188.169.142.196","elite","AS35805","GE","JSC \"Silknet\"","94","UTG MPLS DSL","4145","socks4","5092","1","2023-10-18T11:26:45.540Z","98","4157","4252"
"34.64.4.97","elite","AS139070","SG","Google Asia Pacific Pte. Ltd.","252","Google LLC","80","socks5","4804","1","2023-10-18T11:26:45.542Z","100","4311","4311"
"104.129.205.123","elite","AS22616","US","ZSCALER, INC.","182","Zscaler, Inc.","10792","socks4","2911","1","2023-10-18T11:26:45.541Z","92","3946","4282"
"95.111.250.18","elite","AS51167","DE","Contabo GmbH","96","Contabo GmbH","12370","socks4","4999","1","2023-10-18T11:26:45.534Z","99","4261","4318"
"47.242.34.249","elite","AS45102","HK","Alibaba.com LLC","283","Hong Kong","33888","socks5","4595","1","2023-10-18T11:26:45.543Z","97","4177","4319"
"188.112.39.231","elite","AS42739","PL","Hawe Telekom S.A. in Restructuring","32","Hawe","5678","socks4","507","1","2023-10-18T11:26:45.538Z","99","4383","4421"
"118.99.103.114","elite","AS17451","ID","Biznet Metronet","172","N/A","32491","socks4","4998","1","2023-10-18T11:26:44.041Z","87","3834","4426"
"202.159.35.225","elite","AS9340","ID","PT IndoInternet","191","N/A","443","socks4","4690","1","2023-10-18T11:26:44.236Z","100","4456","4461"
"45.196.148.192","elite","AS7018","US","AT&T Services, Inc.","93","AQUA Networks Limited","5432","socks4","4898","1","2023-10-18T11:26:44.038Z","98","4263","4333"
"116.62.240.85","elite","AS37963","CN","CNC Group CHINA169 Fujian Province Network","186","Beijing Kuancom Network Technology Co., Ltd.","7890","socks5","5011","1","2023-10-18T11:26:43.236Z","76","3294","4338"
"168.227.158.13","elite","AS52898","BR","Multipla Serviços Inteligentes","203","Multipla Serviços Inteligentes","4145","socks4","4404","1","2023-10-18T11:26:43.234Z","99","4376","4404"
"103.51.44.41","elite","AS133819","ID","CIM","288","N/A","4145","socks4","4910","1","2023-10-18T11:26:43.239Z","99","4332","4372"
"154.16.63.16","elite","AS61317","GB","Hivelocity Inc","192","Digital Energy Technologies Limited","443","socks4","3590","1","2023-10-18T11:26:43.151Z","81","3572","4419"
"163.204.246.70","elite","AS17816","CN","China Unicom Guangdong Province Network","303","N/A","9999","socks4","2387","1","2023-10-18T11:26:43.241Z","14","591","4353"
"202.159.6.242","elite","AS9340","ID","PT IndoInternet","174","N/A","5678","socks4","4802","1","2023-10-18T11:26:41.653Z","99","4343","4385"
"186.251.255.25","elite","AS267513","BR","Seanet Telecom Carazinho Eireli","285","Seanet Telecom Carazinho Eireli","31337","socks4","4916","1","2023-10-18T11:26:41.353Z","99","4365","4388"
"110.77.232.174","elite","AS131090","TH","CAT Telecom Public Company Limited","255","CAT BBviaOnnet","4145","socks4","4994","1","2023-10-18T11:26:41.354Z","81","3522","4326"
"93.115.148.208","elite","AS43754","IR","Asiatech Data Transmission company","116","Asiatech Data Transmission Co.","5678","socks5","1782","1","2023-10-18T11:26:41.651Z","98","4265","4352"
"201.33.161.234","elite","AS53181","BR","K2 Telecom e Multimidia LTDA ME","204","K2 Telecom e Multimidia LTDA ME","4153","socks4","1901","1","2023-10-18T11:26:39.447Z","76","3312","4344"
"110.78.149.186","elite","AS131090","TH","CAT-BB","300","N/A","4145","socks4","5098","1","2023-10-18T11:26:39.445Z","74","3210","4352"
"177.12.178.37","elite","AS263033","BR","Linxbr Telecomunicacoes Ltda","193","Linkli Telecomunicacoes Ltda","4153","socks4","5097","1","2023-10-18T11:26:39.448Z","100","4447","4465"
"162.12.217.30","elite","AS204902","FR","Weelax","118","XIWO","3629","socks4","1101","1","2023-10-18T11:26:39.443Z","99","4299","4361"
"122.152.53.25","elite","AS38562","BD","Innovative Online Ltd.","193","Innovative Online Ltd","5678","socks4","4411","1","2023-10-18T11:26:38.036Z","95","4229","4464"
"8.210.119.213","elite","AS45102","HK","Alibaba.com LLC","286","Hong Kong","3304","socks5","4491","1","2023-10-18T11:26:37.642Z","84","3708","4405"
"103.251.83.14","elite","AS45804","IN","M.B. Corporation","172","M.B. Corporation","44550","socks4","4983","1","2023-10-18T11:26:37.640Z","99","4392","4450"
"45.116.114.45","elite","AS58898","IN","Rainbow communications India Pvt Ltd","300","Rainbow Communications India Pvt Ltd","5678","socks4","4517","1","2023-10-18T11:26:37.643Z","99","4292","4342"
"185.138.123.78","elite","AS203217","IQ","Horizon ISP3","108","Horizon Scope Mobile Telecom WLL","61896","socks4","4707","1","2023-10-18T11:26:36.042Z","89","3886","4350"
"103.84.134.9","elite","AS136238","MV","SatLink Pvt Ltd","188","SatLink Pvt Ltd","1080","socks4","3604","1","2023-10-18T11:26:36.044Z","99","4403","4428"
"195.201.147.185","elite","AS24940","DE","Hetzner Online GmbH","15","Hetzner","1080","socks4","4697","1","2023-10-18T11:26:34.046Z","100","4399","4418"
"146.120.160.148","elite","AS60754","UA","Dianet Ltd.","52","Dianet Ltd","5678","socks4","712","2","2023-10-18T11:26:34.050Z","97","4304","4442"
"138.36.196.11","elite","AS264586","BR","Speed Telecomunicacoes","189","Speed Telecomunicacoes","4153","socks4","3706","84","2023-10-18T11:26:34.045Z","98","4327","4398"
"125.229.3.41","elite","AS3462","TW","Chunghwa Telecom Co., Ltd.","283","Chunghwa Telecom Co. Ltd.","80","socks5","4585","2","2023-10-18T11:26:34.048Z","98","4209","4285"
"43.134.230.127","elite","AS132203","SG","Aceville Pte.ltd","390","N/A","443","socks4","4993","1","2023-10-18T11:26:34.047Z","87","3839","4415"
"173.249.15.248","elite","AS51167","DE","Contabo GmbH","89","Contabo GmbH","33471","socks4","2004","1","2023-10-18T11:26:34.436Z","100","4374","4384"
"137.220.53.12","elite","AS20473","CA","The Constant Company","100","Vultr Holdings, LLC","10544","socks4","2612","1","2023-10-18T11:26:34.039Z","81","3541","4370"
"190.90.100.233","elite","AS262589","CO","InterNexa Global Network","189","Jasz Comunicaciones Tecnologicas E Interactivas E.U","5678","socks4","4290","1","2023-10-18T11:26:34.050Z","92","3959","4309"
"152.32.78.24","elite","AS17639","PH","ComClark Network & Technology Corp","199","Convergeict","4145","socks4","4804","1","2023-10-18T11:26:34.049Z","95","4252","4468"
"103.69.20.38","elite","AS135724","IN","Allnet Broadband Network PVT LTD","193","Allnet Broadband Network Pvt Ltd","4145","socks4","5096","2","2023-10-18T11:26:32.036Z","100","4319","4325"
"38.127.172.35","elite","AS174","US","Cogent Communications","80","Torlandia Trading SRL","11537","socks4","4704","1","2023-10-18T11:26:32.033Z","100","4253","4261"
"58.35.208.107","elite","AS4812","CN","China Telecom (Group)","183","Chinanet SH","4812","socks4","5097","1","2023-10-18T11:26:30.035Z","71","3111","4398"
"180.183.225.91","elite","AS45629","TH","Triple T Broadband Public Company Limited","199","Triple T Broadband Public Company Limited","44550","socks4","4999","1","2023-10-18T11:26:29.947Z","99","4349","4376"
"79.175.109.217","elite","AS9125","RS","Orion Telekom ISP IP Network","35","N/A","4145","socks4","4692","1","2023-10-18T11:26:29.946Z","99","4413","4438"
"94.130.171.189","elite","AS24940","DE","Hetzner Online GmbH","82","Hetzner","10004","socks5","4493","1","2023-10-18T11:26:29.945Z","77","3354","4333"
"104.16.226.6","elite","AS13335","US","Cloudflare, Inc.","2","Cloudflare, Inc.","80","socks4","4811","1","2023-10-18T11:26:28.640Z","100","4443","4444"
"110.232.249.172","elite","AS45232","IN","Spacenet  PVT LTD","191","509 Jaina tower 1st District Center","51327","socks4","1800","1","2023-10-18T11:26:28.648Z","77","3331","4337"
"102.69.146.181","elite","AS328451","NG","IP Express Ltd","114","N/A","5678","socks4","4713","1","2023-10-18T11:26:28.644Z","86","3749","4373"
"202.159.60.65","elite","AS9340","ID","PT IndoInternet","167","N/A","443","socks4","4600","1","2023-10-18T11:26:28.646Z","100","4385","4405"
"172.67.14.237","elite","AS13335","CA","Cloudflare, Inc.","2","Cloudflare, Inc.","80","socks4","4801","1","2023-10-18T11:26:28.642Z","100","4400","4403"
"142.44.241.192","elite","AS16276","CA","OVH SAS","86","OVH Hosting, Inc.","7497","socks5","3696","1","2023-10-18T11:26:28.647Z","100","4417","4422"
"142.4.207.10","elite","AS16276","FR","OVH SAS","98","OVH Hosting, Inc","48012","socks4","4396","1","2023-10-18T11:26:26.747Z","53","2326","4406"
"43.153.174.137","elite","AS132203","JP","Shenzhen Tencent Computer Systems Company Limited","234","Tencent Cloud Computing","443","socks5","5094","1","2023-10-18T11:26:26.943Z","98","4222","4304"
"38.127.173.169","elite","AS174","US","Cogent Communications","78","Torlandia Trading SRL","42908","socks5","4492","1","2023-10-18T11:26:26.944Z","100","4338","4343"
"129.21.30.116","elite","AS4385","US","Rochester Institute of Technology","80","Rochester Institute of Technology","3128","socks4","2112","1","2023-10-18T11:26:26.940Z","99","4241","4279"
"112.78.128.10","elite","AS17451","ID","Biznet Networks","182","Biznet","5678","socks4","3893","1","2023-10-18T11:26:26.749Z","89","3876","4365"
"171.97.40.215","elite","AS17552","TH","True Internet Corporation CO. Ltd.","189","Truenet Hisp","8080","socks5","5008","1","2023-10-18T11:26:26.743Z","89","3779","4230"
"162.247.243.29","elite","AS54113","US","Fastly, Inc.","1","New Relic","80","socks4","4599","1","2023-10-18T11:26:26.750Z","98","4338","4448"
"37.54.134.7","elite","AS6849","UA","UKRTELECOM","52","JSC Ukrtelecom","5678","socks4","3903","1","2023-10-18T11:26:24.337Z","26","1161","4471"
"151.80.33.46","elite","AS16276","FR","OVH SAS","81","OVH SAS","7497","socks5","5092","84","2023-10-18T11:26:24.639Z","100","4399","4399"
"139.177.177.45","elite","AS63949","DE","Akamai Technologies, Inc.","11","Linode","30927","socks5","5009","83","2023-10-18T11:26:24.342Z","89","3888","4366"
"177.85.205.29","elite","AS52554","BR","S. A. da Silva Junior","188","S. A. da Silva Junior","3629","socks4","3905","1","2023-10-18T11:26:24.344Z","98","4281","4353"
"200.29.176.172","elite","AS6429","CL","Telmex Chile Internet S.A.","292","Telmex Servicios Empresariales S.A","4145","socks4","5003","1","2023-10-18T11:26:24.339Z","99","4447","4475"
"103.85.103.129","elite","AS135788","IN","Vedant Broadband","189","N/A","5678","socks4","1517","1","2023-10-18T11:26:24.341Z","99","4366","4402"
"41.70.12.54","elite","AS37215","MW","Malawi Research and Education Network - MAREN","296","N/A","5678","socks4","4792","1","2023-10-18T11:26:22.050Z","84","3721","4415"
"58.35.206.18","elite","AS4812","CN","China Telecom (Group)","184","Chinanet SH","4145","socks4","4607","1","2023-10-18T11:26:22.051Z","74","3257","4386"
"178.253.208.146","elite","AS9125","RS","Orion Telekom users in Kraljevo","87","N/A","1080","socks4","3191","1","2023-10-18T11:26:22.135Z","100","4183","4203"
"194.26.224.250","elite","AS48031","UA","Ivanov Vitaliy Sergeevich","52","Proline IT Ltd","58503","socks4","4910","1","2023-10-18T11:26:22.850Z","100","4414","4431"
"103.220.205.162","elite","AS59362","BD","KS Network","178","Nazmul Karim Bhuiyan","4673","socks4","4996","1","2023-10-18T11:26:22.049Z","96","4208","4387"
"103.59.203.177","elite","AS134014","IN","NET 4 U SERVICES PVT LTD","195","NET 4 U Services PVT LTD","4145","socks4","4496","2","2023-10-18T11:26:22.848Z","99","4297","4334"
"93.171.224.51","elite","AS211570","UA","PE TV and Radio Company Kentavr-TV","51","PE TV and Radio Company Kentavr-TV","4153","socks4","4791","1","2023-10-18T11:26:21.850Z","100","4387","4408"
"43.153.55.253","elite","AS132203","US","Shenzhen Tencent Computer Systems Company Limited","200","Tencent Cloud Computing","443","socks5","5092","1","2023-10-18T11:26:21.845Z","87","3787","4375"
"27.123.1.36","elite","AS45706","ID","PT Tele Globe Global","187","N/A","4153","socks4","4603","1","2023-10-18T11:26:21.847Z","100","4369","4385"
"36.70.255.140","elite","AS7713","ID","PT. Telekomunikasi Indonesia","352","N/A","8080","socks5","5001","1","2023-10-18T11:26:20.334Z","82","3569","4363"
"119.18.145.147","elite","AS45326","BD","BBTS Network","173","N/A","45326","socks5","5298","1","2023-10-18T11:26:20.251Z","100","4367","4387"
"43.154.49.67","elite","AS132203","HK","Shenzhen Tencent Computer Systems Company Limited","285","Tencent Cloud Computing","9999","socks5","4997","1","2023-10-18T11:26:20.335Z","99","4277","4309"
"104.16.104.12","elite","AS13335","CA","Cloudflare, Inc.","2","Cloudflare, Inc.","80","socks4","4800","1","2023-10-18T11:26:20.249Z","100","4352","4353"
"165.154.66.124","elite","AS135377","HK","UCLOUD INFORMATION TECHNOLOGY (HK) LIMITED","196","UCLOUD INFORMATION TECHNOLOGY (HK) LIMITED","6666","socks5","3904","1","2023-10-18T11:26:19.945Z","8","372","4404"
"36.37.93.98","elite","AS4800","ID","PT Aplikanusa Lintasarta","281","LA SII","4145","socks4","4400","1","2023-10-18T11:26:19.944Z","95","4119","4323"
"197.234.13.66","elite","AS36902","SC","Intelvision","191","Intelvision Ltd","4145","socks4","3823","1","2023-10-18T11:26:19.943Z","100","4346","4365"
"163.53.83.124","elite","AS45433","IN","Kay Kay Softech Private Limited","199","Kappa  Private Limited","5678","socks4","3998","1","2023-10-18T11:26:18.450Z","73","3186","4338"
"47.57.246.250","elite","AS45102","HK","Alibaba (US) Technology Co., Ltd.","406","Alibaba.com LLC","53213","socks5","5303","1","2023-10-18T11:26:18.534Z","76","3330","4398"
"190.210.186.241","elite","AS16814","AR","NSS S.A.","286","Argentina Virtual Networks","80","socks5","5010","1","2023-10-18T11:26:16.451Z","100","4408","4419"
"185.169.181.14","elite","AS34984","TR","Ates Dc","57","Ibrahim MALA trading as Ates Dc","4145","socks4","3914","1","2023-10-18T11:26:16.545Z","100","4401","4405"
"190.180.35.148","elite","AS25620","BO","Cotas Ltda.","193","Cablemodem-ip-dinamica - Generico IP Cmts HMC","5678","socks4","5194","1","2023-10-18T11:26:16.537Z","99","4382","4418"
"186.251.255.149","elite","AS267513","BR","Seanet Telecom Carazinho Eireli","281","Seanet Telecom Carazinho Eireli","31337","socks4","3109","1","2023-10-18T11:26:16.536Z","99","4345","4375"
"221.2.84.42","elite","AS4837","CN","CNC Group CHINA169 Shandong Province Network","187","Feixian ShiFan College","10800","socks4","2997","1","2023-10-18T11:26:16.538Z","87","3832","4402"
"185.200.38.235","elite","AS202561","TR","High Speed Telekomunikasyon ve Hab. Hiz. Ltd. Sti.","66","High Speed Telekomunikasyon ve Hab. Hiz. Ltd. Sti","10820","socks5","4202","1","2023-10-18T11:26:16.943Z","57","2521","4428"
"120.50.40.184","elite","AS17547","SG","M1 NET LTD","174","M1 NET LTD","3128","socks4","5004","1","2023-10-18T11:26:16.446Z","100","4344","4352"
"103.135.225.202","elite","AS138871","ID","SUPERCORRIDOR","169","N/A","4153","socks5","1134","1","2023-10-18T11:26:16.544Z","73","3169","4326"
"111.50.83.20","elite","AS9808","CN","China Mobile communications corporation","399","China Mobile","7302","socks5","4194","1","2023-10-18T11:26:16.545Z","51","2261","4404"
"49.12.225.148","elite","AS24940","DE","Hetzner Online GmbH","15","Hetzner","10001","socks4","3099","1","2023-10-18T11:26:16.448Z","85","3716","4350"
"81.162.198.6","elite","AS34955","CZ","Martin Vicenik","87","VicenikRoute","4153","socks4","4807","1","2023-10-18T11:26:14.253Z","100","4376","4386"
"180.183.1.145","elite","AS45629","TH","Triple T Broadband Public Company Limited","191","Triple T Broadband Public Company Limited","4153","socks4","107","1","2023-10-18T11:26:14.254Z","92","3993","4319"
"31.204.28.96","elite","AS209372","US","SIA \"Singularity Telecom\"","92","Popov Andry Vasilievich","5432","socks5","4309","1","2023-10-18T11:26:14.745Z","100","4378","4392"
"38.127.173.15","elite","AS174","US","Cogent Communications","79","Torlandia Trading SRL","11537","socks4","4205","1","2023-10-18T11:26:14.845Z","100","4402","4411"
"168.227.158.21","elite","AS52898","BR","Multipla Serviços Inteligentes","203","Multipla Serviços Inteligentes","4145","socks4","4800","1","2023-10-18T11:26:14.249Z","99","4347","4380"
"46.101.159.7","elite","AS14061","DE","DigitalOcean, LLC","82","Digital Ocean","31162","socks4","4992","1","2023-10-18T11:26:14.844Z","81","3564","4383"
"172.104.154.229","elite","AS63949","DE","Akamai Technologies","12","Linode","1082","socks5","4792","1","2023-10-18T11:26:14.842Z","100","4406","4406"
"101.43.191.233","elite","AS45090","CN","Shenzhen Tencent Computer Systems Company Limited","164","Tencent Cloud Computing (Beijing) Co., Ltd","2080","socks5","5011","1","2023-10-18T11:26:12.951Z","82","3588","4357"
"103.86.1.22","elite","AS136371","IN","Airwir Technologies Private Limited","186","Airwir Technologies Private Limited","4145","socks4","4903","1","2023-10-18T11:26:10.741Z","100","4346","4349"
"122.112.209.105","elite","AS55990","CN","Huawei Cloud Service data center","206","Huawei Cloud Service","55990","socks4","4692","1","2023-10-18T11:26:10.955Z","84","3641","4339"
"45.234.100.112","elite","AS61592","BR","Fortlink Internet Corporativa","198","Fortlink Internet Corporativa","1080","socks4","2286","1","2023-10-18T11:26:10.935Z","100","4366","4378"
"200.116.198.160","elite","AS13489","CO","EPM Telecomunicaciones S.A. E.S.P","171","Mpio Manizales","58927","socks4","1675","1","2023-10-18T11:26:10.834Z","82","3641","4428"
"89.237.32.65","elite","AS20485","RU","multi-origin SUTTK","68","N/A","51549","socks4","4384","1","2023-10-18T11:26:10.838Z","99","4364","4418"
"70.90.67.140","elite","AS33661","US","Comcast Cable Communications, LLC","131","Comcast Cable Communications, LLC","54321","socks4","4887","1","2023-10-18T11:26:10.938Z","98","4374","4455"
"14.232.161.29","elite","AS45899","VN","VNPT","204","Vietnam Posts and Telecommunications Group","10801","socks4","5095","1","2023-10-18T11:26:09.139Z","67","2972","4433"
"88.255.217.48","elite","AS9121","TR","TurkTelekom","78","N/A","1080","socks4","3289","1","2023-10-18T11:26:09.138Z","20","877","4402"
"45.196.148.52","elite","AS7018","US","AT&T Services, Inc.","82","AQUA Networks Limited","5432","socks4","692","1","2023-10-18T11:26:09.135Z","98","4240","4314"
"37.230.154.121","elite","AS198770","RU","Virtual Infrastructures Network","45","N/A","3629","socks4","4687","82","2023-10-18T11:26:07.243Z","98","4329","4415"
"175.173.221.229","elite","AS4837","CN","China Unicom Liaoning Province Network","195","N/A","28643","socks4","4896","1","2023-10-18T11:26:07.245Z","63","2671","4256"
"203.76.103.57","elite","AS23688","BD","Link3 Technologies Limited","155","Corporate Subscriber","4145","socks4","4611","1","2023-10-18T11:26:07.338Z","97","4286","4418"
"119.13.125.238","elite","AS136907","HK","Huawei International Pte. LTD","388","N/A","1080","socks5","3908","1","2023-10-18T11:26:07.246Z","97","4287","4429"
"103.121.89.75","elite","AS135967","VN","Cau Giay Branch of Bach Kim Network solutions Join stock company","284","BKNS-CG","39267","socks5","4603","1","2023-10-18T11:26:07.248Z","96","4220","4407"
"194.36.98.231","elite","AS203020","PT","HostRoyale Technologies Pvt Ltd","88","In Hostroyale","80","socks4","856","1","2023-10-18T11:26:07.244Z","100","4383","4386"
"64.90.52.19","elite","AS26347","US","New Dream Network, LLC","188","New Dream Network, LLC","55552","socks4","5008","1","2023-10-18T11:26:07.241Z","100","4406","4409"
"95.140.126.82","elite","AS9125","RS","Drustvo za telekomunikacije Orion telekom doo Beograd-Zemun","35","Milsped","1080","socks4","5091","1","2023-10-18T11:26:07.536Z","100","4459","4465"
"200.115.188.52","elite","AS52422","HN","Velco Globalnetwork","184","Velco Globalnetwork","8080","socks4","4607","1","2023-10-18T11:26:07.238Z","99","4344","4393"
"104.25.87.42","elite","AS13335","CA","Cloudflare, Inc.","3","Cloudflare, Inc.","80","socks4","4291","1","2023-10-18T11:26:05.355Z","100","4340","4340"
"218.106.166.114","elite","AS4808","CN","China Unicom CncNet","190","Beijing Xiaoniren Corp","4145","socks4","3403","1","2023-10-18T11:26:05.439Z","86","3816","4423"
"180.124.152.107","elite","AS4134","CN","Chinanet","283","Chinanet JS","8902","socks4","4899","1","2023-10-18T11:26:05.442Z","70","3131","4451"
"45.196.151.134","elite","AS7018","US","AT&T Services, Inc.","96","AQUA Networks Limited","5432","socks4","1693","1","2023-10-18T11:26:05.353Z","98","4334","4422"
"43.153.170.206","elite","AS132203","JP","Shenzhen Tencent Computer Systems Company Limited","286","Tencent Cloud Computing","13220","socks4","4302","1","2023-10-18T11:26:05.437Z","96","4266","4423"
"31.42.57.129","elite","AS205318","UA","Limited Liability Company AVATOR ISP","98","\"Merlin-Telekom\" LLC","3699","socks4","2790","1","2023-10-18T11:26:05.435Z","100","4433","4435"
"173.236.188.26","elite","AS26347","US","New Dream Network, LLC","80","New Dream Network, LLC","54262","socks5","5094","1","2023-10-18T11:26:03.147Z","100","4370","4374"
"62.141.70.118","elite","AS3216","RU","PJSC \"Vimpelcom\"","86","COMBELNET","80","socks4","5195","1","2023-10-18T11:26:03.336Z","99","4386","4414"
"20.205.109.189","elite","AS8075","HK","Microsoft Corporation","180","Microsoft Azure Cloud (eastasia)","3128","socks4","2393","1","2023-10-18T11:26:03.436Z","100","4351","4352"
"46.227.37.73","elite","AS51155","PL","Telemedian - TB Telecom","38","Telemedian","51155","socks4","917","1","2023-10-18T11:26:03.440Z","100","4387","4400"
"125.162.57.178","elite","AS7713","ID","PT. TELKOM INDONESIA","198","N/A","4145","socks4","5011","1","2023-10-18T11:26:03.434Z","86","3670","4278"
"14.207.15.77","elite","AS45629","TH","Triple T Broadband Public Company Limited","191","Triple T Broadband Public Company Limited","8213","socks4","4611","1","2023-10-18T11:26:03.335Z","91","3904","4312"
"103.51.44.5","elite","AS133819","ID","CIM","214","N/A","4145","socks4","4610","1","2023-10-18T11:26:03.144Z","99","4427","4464"
"36.94.35.245","elite","AS7713","ID","PT. Telekomunikasi Indonesia","201","Telekomunikasi Indonesia","5678","socks5","4899","1","2023-10-18T11:26:03.437Z","98","4278","4364"
"220.247.164.130","elite","AS38200","BD","BTS Communications (BD) Ltd","198","Btscombd","5678","socks4","5089","1","2023-10-18T11:26:03.333Z","40","1781","4425"
"106.75.154.243","elite","AS136958","CN","UCLOUD","208","Shanghai UCloud Information Technology Company Limited","999","socks4","3205","1","2023-10-18T11:26:03.438Z","74","3186","4293"
"157.185.176.44","elite","AS54994","US","Meteverse Limited.","93","Meteverse Limited","26589","socks5","4196","1","2023-10-18T11:26:03.439Z","99","4279","4314"
"188.72.6.98","elite","AS39216","IQ","AL-SARD FIBER Co. for Internet Fiber and Optical Cable Services /Ltd.","84","CellNet ltd","50321","socks4","4100","1","2023-10-18T11:26:01.434Z","91","4031","4417"
"46.227.37.137","elite","AS51155","PL","Telemedian - TB Telecom","38","Telemedian","1088","socks4","4712","1","2023-10-18T11:26:01.435Z","99","4335","4361"
"45.196.150.167","elite","AS7018","US","AT&T Services, Inc.","104","AQUA Networks Limited","5432","socks4","4506","1","2023-10-18T11:26:01.342Z","98","4341","4415"
"148.153.23.18","elite","AS63199","US","CDS Global Cloud Co., Ltd","194","CDS Global Cloud Co., Ltd","39593","socks4","4898","1","2023-10-18T11:26:01.344Z","100","4452","4453"
"194.31.33.50","elite","AS12741","PL","Netia SA","98","SOFTDESK POLSKA Sp. z o.o","1080","socks4","4799","1","2023-10-18T11:26:01.350Z","98","4281","4389"
"173.236.182.83","elite","AS26347","US","New Dream Network, LLC","84","New Dream Network, LLC","12873","socks5","5014","1","2023-10-18T11:26:00.941Z","100","4440","4445"
"134.209.239.109","elite","AS14061","DE","DigitalOcean, LLC","17","DigitalOcean, LLC","80","socks4","5102","1","2023-10-18T11:25:59.454Z","95","4222","4426"
"159.89.173.152","elite","AS14061","IN","DigitalOcean, LLC","181","DigitalOcean, LLC","49467","socks5","5003","1","2023-10-18T11:25:59.445Z","100","4368","4371"
"195.154.243.38","elite","AS12876","FR","Online S.A.S.","393","ONLINE","57976","socks4","4907","1","2023-10-18T11:25:59.448Z","78","3399","4360"
"47.113.189.83","elite","AS37963","CN","Hangzhou Alibaba Advertising Co., Ltd.","286","Aliyun Computing Co., LTD","10012","socks4","5012","1","2023-10-18T11:25:59.150Z","70","3066","4391"
"195.110.38.190","elite","AS48715","IR","Sefroyek Pardaz Engineering Co. LTD","93","Sefroyek Pardaz Engineering Co. LTD","1080","socks5","4494","1","2023-10-18T11:25:59.450Z","29","1253","4344"
"43.157.42.203","elite","AS132203","DE","Shenzhen Tencent Computer Systems Company Limited","12","Tencent Cloud Computing","443","socks4","2402","1","2023-10-18T11:25:57.740Z","40","1730","4372"
"27.191.60.153","elite","AS4134","CN","Chinanet","214","Chinanet HE","3256","socks4","4705","4","2023-10-18T11:25:57.749Z","79","3499","4449"
"103.110.184.1","elite","AS137374","ID","Dinas Komunikasi","224","N/A","6037","socks4","5093","1","2023-10-18T11:25:57.744Z","100","4461","4477"
"154.117.212.18","elite","AS327799","BI","2G+3G+4G","189","N/A","5678","socks4","4993","1","2023-10-18T11:25:55.745Z","98","4250","4315"
"221.225.152.167","elite","AS4134","CN","CHINANET jiangsu province network","277","N/A","24166","socks5","5093","1","2023-10-18T11:25:55.744Z","57","2489","4403"
"172.67.3.108","elite","AS13335","CA","Cloudflare, Inc.","3","Cloudflare, Inc.","80","socks4","4602","1","2023-10-18T11:25:55.948Z","100","4352","4352"
"103.240.33.17","elite","AS132923","IN","Vihaan Telecommunication Pvt. Ltd.","158","Vihaan","8291","socks4","4803","1","2023-10-18T11:25:55.739Z","99","4421","4468"
"114.99.224.228","elite","AS4134","CN","Chinanet","294","Chinanet AH","2829","socks5","1899","1","2023-10-18T11:25:55.950Z","24","1055","4395"
"103.47.93.245","elite","AS134058","IN","Broban Internet Services Pvt.ltd","197","Broban  PVT Ltd.","1080","socks4","4917","82","2023-10-18T11:25:55.743Z","99","4414","4448"
"45.196.151.84","elite","AS7018","US","AT&T Services, Inc.","82","AQUA Networks Limited","5432","socks4","4996","1","2023-10-18T11:25:53.750Z","98","4350","4426"
"110.78.148.87","elite","AS131090","TH","CAT-BB","295","N/A","4145","socks4","117","1","2023-10-18T11:25:53.834Z","75","3282","4404"
"80.232.245.122","elite","AS12578","LV","LATTELEKOM","41","Bridge Group","8080","socks4","4612","1","2023-10-18T11:25:53.842Z","100","4364","4369"
"103.196.136.158","elite","AS134707","PH","Royal Cablevision Corp.","199","Royal Cablevision Corp","7497","socks5","613","1","2023-10-18T11:25:53.838Z","96","4256","4417"
"104.23.126.8","elite","AS13335","CA","Cloudflare, Inc.","3","Cloudflare, Inc.","80","socks4","4205","1","2023-10-18T11:25:53.839Z","100","4398","4398"
"159.138.43.96","elite","AS136907","HK","Huawei International Pte. Ltd.","303","N/A","1080","socks5","4789","1","2023-10-18T11:25:53.835Z","97","4298","4450"
"175.6.140.135","elite","AS63835","CN","No.293, Wanbao Avenue","296","Chinanet HN","38801","socks5","4597","1","2023-10-18T11:25:53.841Z","83","3702","4445"
"139.59.90.148","elite","AS14061","IN","DIGITALOCEAN","135","DigitalOcean, LLC","57592","socks4","3993","1","2023-10-18T11:25:53.843Z","100","4460","4462"
"78.90.19.79","elite","AS35141","BG","A1 Bulgaria EAD","40","Megalan Network Ltd.","63246","socks5","1199","1","2023-10-18T11:25:52.035Z","100","4412","4417"
"181.211.245.190","elite","AS28006","EC","Corporacion Nacional De Telecomunicaciones - CNT EP","189","Corporacion Nacional De Telecomunicaciones - CNT EP","5678","socks4","3410","1","2023-10-18T11:25:51.633Z","98","4389","4462"
"103.140.88.250","elite","AS9875","ID","PT. Pasifik Satelit Nusantara","1289","PT. Weharima Mandiri Utama","5678","socks4","786","1","2023-10-18T11:25:51.836Z","78","3493","4463"
"80.122.170.182","elite","AS8447","AT","A1 Telekom Austria AG","87","A1 Telekom Austria AG","4153","socks4","3705","1","2023-10-18T11:25:51.544Z","99","4397","4453"
"36.91.190.61","elite","AS7713","ID","PT. Telekomunikasi Indonesia","290","Telekomunikasi Indonesia","5678","socks4","3098","1","2023-10-18T11:25:51.546Z","98","4351","4429"
"43.153.52.178","elite","AS132203","US","Shenzhen Tencent Computer Systems Company Limited","149","Tencent Cloud Computing","443","socks5","3193","1","2023-10-18T11:25:51.545Z","62","2744","4420"
"106.113.188.185","elite","AS4134","CN","Chinanet","207","Chinanet HE","8089","socks5","2096","1","2023-10-18T11:25:51.635Z","43","1828","4281"
"178.218.201.63","elite","AS59668","UZ","PE Turon Media","100","first IP Network of ISP Turon Telecom","1080","socks4","594","1","2023-10-18T11:25:49.346Z","93","4073","4384"
"118.172.250.20","elite","AS23969","TH","TOT Public Company Limited","198","TOT Public Company Limited","4145","socks4","4298","1","2023-10-18T11:25:49.847Z","58","2533","4349"
"195.138.65.34","elite","AS6876","UA","TENET Scientific Production Enterprise LLC","80","Tenet","5678","socks4","4892","1","2023-10-18T11:25:49.345Z","98","4253","4343"
"103.47.93.228","elite","AS134058","IN","Broban Internet Services Pvt.ltd","192","Broban  PVT Ltd.","1080","socks4","5095","1","2023-10-18T11:25:49.348Z","99","4317","4345"
"49.156.1.173","elite","AS38901","KH","EZECOM limited","204","EZECOM limited","5678","socks4","4798","1","2023-10-18T11:25:49.349Z","66","2898","4416"
"193.203.61.35","elite","AS41268","RU","LANTA Ltd","61","Lanta Networks","8443","socks5","3902","1","2023-10-18T11:25:49.848Z","99","4438","4468"
"170.150.159.18","elite","AS27901","CL","Pacifico Cable SPA.","204","Pacifico Cable SPA","3389","socks5","4707","2","2023-10-18T11:25:49.439Z","100","4429","4449"
"49.70.82.204","elite","AS4134","CN","Chinanet","211","Chinanet JS","44844","socks5","5002","1","2023-10-18T11:25:48.142Z","63","2764","4396"
"211.137.33.22","elite","AS56044","CN","China Mobile communications corporation","300","China Mobile Communications Corporation","80","socks5","4290","84","2023-10-18T11:25:48.136Z","86","3757","4390"
"190.107.146.156","elite","AS14754","HN","Telgua","185","HFC TGU SERCOM","4145","socks4","436","1","2023-10-18T11:25:48.139Z","98","4341","4425"
"101.109.23.73","elite","AS23969","TH","TOT Public Company Limited","188","TOT Public Company Limited","4145","socks4","1908","1","2023-10-18T11:25:48.138Z","40","1773","4419"
"177.12.178.249","elite","AS263033","BR","Linxbr Telecomunicacoes Ltda","196","Linkli Telecomunicacoes Ltda","4153","socks4","5002","1","2023-10-18T11:25:47.946Z","100","4392","4400"
"103.200.135.228","elite","AS134739","MM","AGB Communication Co.Ltd","281","N/A","4145","socks4","5105","1","2023-10-18T11:25:47.947Z","57","2492","4338"
"149.202.76.10","elite","AS16276","FR","OVH SAS","5","OVH","55904","socks5","4794","1","2023-10-18T11:25:47.945Z","90","3849","4298"
"196.15.237.171","elite","AS5713","ZA","Telkom SA Ltd.","294","Telkom SA Ltd","1888","socks4","4394","1","2023-10-18T11:25:46.547Z","91","3944","4356"
"103.19.10.245","elite","AS55561","NZ","2talk Limited","294","2talk Limited","4153","socks4","4192","1","2023-10-18T11:25:46.549Z","99","4396","4438"
"200.58.74.6","elite","AS27839","BO","Comteco Ltda","199","Comteco Ltda","5678","socks4","5390","1","2023-10-18T11:25:46.546Z","100","4354","4368"
"95.0.206.211","elite","AS9121","TR","Turk Telekomunikasyon Anonim Sirketi","164","Hatnet Telekomunikasyon Hizmetleri","10820","socks4","4612","1","2023-10-18T11:25:46.544Z","69","3078","4439"
"212.5.132.74","elite","AS8866","BG","BTC Plc","100","Bulgarian Telecommunications Company Plc.","5678","socks4","5202","1","2023-10-18T11:25:44.350Z","100","4392","4396"
"45.7.210.203","elite","AS265729","AR","Cooperativa de Servicios Públicos de Porteña LTDA","284","Cooperativa de Servicios Públicos de Porteña LTDA","4153","socks4","5441","1","2023-10-18T11:25:44.349Z","99","4333","4366"
"208.113.155.176","elite","AS26347","US","New Dream Network, LLC","96","New Dream Network, LLC","12886","socks4","4913","1","2023-10-18T11:25:44.339Z","100","4384","4392"
"112.78.164.62","elite","AS17451","ID","Biznet Networks","192","Metronet","5678","socks4","427","1","2023-10-18T11:25:44.340Z","94","4203","4473"
"185.158.114.235","elite","AS44812","RU","IpServer","48","IT Expert LLC","25812","socks5","4213","80","2023-10-18T11:25:44.349Z","100","4357","4377"
"197.155.115.46","elite","AS37356","ZA","Huge Networks (Pty) Ltd","167","Dsldial2","5678","socks4","4791","83","2023-10-18T11:25:44.347Z","80","3516","4408"
"186.251.255.73","elite","AS267513","BR","Seanet Telecom Carazinho Eireli","288","Seanet Telecom Carazinho Eireli","31337","socks4","4500","1","2023-10-18T11:25:44.348Z","99","4421","4445"
"41.79.138.85","elite","AS37395","BW","Abari Communications","186","N/A","5678","socks4","5002","1","2023-10-18T11:25:42.634Z","96","4272","4434"
"51.89.194.19","elite","AS16276","GB","OVH SAS","9","OVH Ltd","18786","socks4","4911","1","2023-10-18T11:25:42.642Z","100","4441","4441"
"177.70.66.49","elite","AS262544","BR","RazaoInfo Internet Ltda","297","RazaoInfo Internet Ltda","4145","socks4","5012","1","2023-10-18T11:25:42.446Z","99","4341","4363"
"43.242.242.140","elite","AS17882","MN","MCS Com Co Ltd","291","OrbitNet LLC","5678","socks4","3803","1","2023-10-18T11:25:41.639Z","84","3718","4416"
"85.198.151.178","elite","AS6702","UA","Science Production Company \"Trifle\" Ltd.","50","Apex","1080","socks4","4603","81","2023-10-18T11:25:41.640Z","99","4328","4381"
"192.119.203.124","elite","AS30036","US","Mediacom Communications","181","Communication Construction Services","48678","socks4","4413","1","2023-10-18T11:25:41.638Z","99","4349","4385"
"115.73.220.114","elite","AS7552","VN","VIETELmetro","296","N/A","5678","socks4","4297","2","2023-10-18T11:25:41.634Z","81","3570","4408"
"182.120.161.228","elite","AS4837","CN","China Unicom Henan Province Network","195","N/A","8080","socks4","4799","1","2023-10-18T11:25:41.636Z","70","3113","4416"
"119.115.28.112","elite","AS4837","CN","CNC Group CHINA169 Liaoning Province Network","197","N/A","3128","socks4","4810","97","2023-10-18T11:25:39.946Z","62","2697","4343"
"116.118.98.21","elite","AS7602","VN","SPT","309","N/A","5678","socks4","4393","1","2023-10-18T11:25:39.949Z","96","4280","4472"
"115.239.254.149","elite","AS58461","CN","Chinanet","206","Chinanet ZJ SX","1080","socks5","4490","1","2023-10-18T11:25:39.943Z","83","3649","4419"
"202.142.181.162","elite","AS135523","PK","Multinet Broadband","163","Multinet Broadband","8080","socks4","4709","1","2023-10-18T11:25:39.945Z","96","4266","4427"
"193.59.26.116","elite","AS207684","PL","Bajtnet Spolka Z Ograniczona Odpowiedzialnoscia","93","BAJTNET Sp. z o.o.","4153","socks4","4103","1","2023-10-18T11:25:38.250Z","94","4040","4304"
"104.20.75.31","elite","AS13335","US","Cloudflare, Inc.","2","Cloudflare, Inc.","80","socks4","5108","1","2023-10-18T11:25:38.548Z","100","4435","4435"
"35.230.154.184","elite","AS396982","GB","Google LLC","11","Google Cloud (europe-west2)","3128","socks4","4197","1","2023-10-18T11:25:38.336Z","75","3301","4397"
"104.17.197.90","elite","AS13335","CA","Cloudflare, Inc.","2","Cloudflare, Inc.","2057","socks5","5005","1","2023-10-18T11:25:38.334Z","100","4278","4278"
"79.151.16.40","elite","AS3352","ES","RIMA (Red IP Multi Acceso)","98","N/A","5678","socks4","1210","1","2023-10-18T11:25:38.333Z","100","4431","4449"
"110.78.164.188","elite","AS131090","TH","CAT-BB","283","N/A","4153","socks4","5008","1","2023-10-18T11:25:36.349Z","57","2561","4470"
"172.67.182.38","elite","AS13335","CA","Cloudflare, Inc.","2","Cloudflare, Inc.","80","socks4","2299","1","2023-10-18T11:25:36.742Z","100","4285","4285"
"85.159.4.125","elite","AS3326","UA","DATAGROUP-RETAIL","51","N/A","5678","socks4","242","1","2023-10-18T11:25:36.351Z","97","4326","4440"
"157.230.186.18","elite","AS14061","US","DigitalOcean, LLC","90","DigitalOcean, LLC","12192","socks4","4911","1","2023-10-18T11:25:36.348Z","88","3826","4354"
"149.20.253.104","elite","AS18615","US","Mainstream Fiber Networks, LLC","98","Mainstream Fiber Networks, LLC","12551","socks4","4110","2","2023-10-18T11:25:36.743Z","100","4390","4399"
"202.58.199.204","elite","AS45701","ID","Internet Madju Abad Millenindo, PT","214","Millenindo","5678","socks5","5197","1","2023-10-18T11:25:34.648Z","98","4294","4398"
"75.182.38.113","elite","AS11426","US","Charter Communications","109","Spectrum","5678","socks4","2186","1","2023-10-18T11:25:34.348Z","98","4326","4416"
"82.196.25.134","elite","AS30781","FR","Datacenter DZ","8","Datacenter DZD","7497","socks5","4591","1","2023-10-18T11:25:34.735Z","100","4447","4449"
"54.38.94.26","elite","AS16276","FR","OVH SAS","8","OVH","17809","socks4","4511","1","2023-10-18T11:25:34.342Z","100","4433","4450"
"222.134.135.254","elite","AS4837","CN","CNC Group CHINA169 Shandong Province Network","177","N/A","7302","socks5","4908","1","2023-10-18T11:25:34.349Z","87","3759","4330"
"110.42.246.153","elite","AS45090","CN","China Internet Network Information Center","197","Tencent cloud computing (Beijing) Co., Ltd.","2080","socks4","4392","1","2023-10-18T11:25:34.345Z","16","694","4429"
"110.243.2.186","elite","AS4837","CN","China Unicom Hebei Province Network","182","N/A","9999","socks5","4711","1","2023-10-18T11:25:34.344Z","72","3115","4341"
"162.255.110.52","elite","AS54755","US","Desert Winds Wireless","150","Desert Winds Wireless Inc","5678","socks4","3907","1","2023-10-18T11:25:32.648Z","100","4358","4369"
"114.242.125.237","elite","AS4808","CN","China Unicom Beijing Province Network","194","N/A","1080","socks5","3905","1","2023-10-18T11:25:32.943Z","84","3722","4442"
"38.127.173.165","elite","AS174","US","Cogent Communications","97","Torlandia Trading SRL","46656","socks4","258","1","2023-10-18T11:25:31.242Z","100","4399","4408"
"188.94.225.13","elite","AS196798","RU","Mifril+ LLC","93","NLT Sub65","8080","socks4","5091","1","2023-10-18T11:25:31.240Z","100","4420","4426"
"1.2.214.8","elite","AS23969","TH","TOT Public Company Limited","184","TOT Public Company Limited","4145","socks4","4905","1","2023-10-18T11:25:30.841Z","71","3177","4460"
"190.0.244.146","elite","AS27951","CO","Media Commerce Partners S.A","195","Gonzalez Florez Radiologia Especializada SA","4153","socks4","4706","1","2023-10-18T11:25:30.844Z","100","4395","4415"
"45.70.206.40","elite","AS267586","BR","Rafael Pierre Barbosa - Me","187","Rafael Pierre Barbosa - Me","4145","socks4","3919","1","2023-10-18T11:25:29.147Z","100","4421","4431"
"198.211.50.112","elite","AS35916","US","Multacom Corporation","190","Amazon.com","8080","socks5","4998","1","2023-10-18T11:25:29.441Z","100","4377","4384"
"197.234.13.69","elite","AS36902","SC","Intelvision","196","Intelvision Ltd","4145","socks4","5104","1","2023-10-18T11:25:29.148Z","100","4327","4343"
"43.134.169.206","elite","AS132203","SG","Aceville Pte.ltd","329","N/A","443","socks5","5004","1","2023-10-18T11:25:29.443Z","81","3538","4395"
"197.234.13.67","elite","AS36902","SC","Intelvision","192","Intelvision Ltd","4145","socks4","4803","1","2023-10-18T11:25:29.149Z","100","4431","4451"
"142.4.8.1","elite","AS46606","US","Unified Layer","184","Unified Layer","14883","socks4","5094","1","2023-10-18T11:25:27.546Z","100","4302","4304"
"143.255.249.74","elite","AS61468","EC","CEDIA","189","Universidad Tecnologica Israel","7497","socks5","2394","1","2023-10-18T11:25:27.547Z","95","4169","4393"
"51.210.182.12","elite","AS16276","FR","OVH SAS","84","OVH","47514","socks4","4289","1","2023-10-18T11:25:26.035Z","100","4405","4405"
"217.198.181.50","elite","AS48031","UA","Ivanov Vitaliy Sergeevich","53","Proline IT Ltd","49582","socks4","4912","1","2023-10-18T11:25:26.034Z","100","4379","4388"
"38.127.179.124","elite","AS174","US","Cogent Communications","96","Torlandia Trading SRL","15290","socks4","3195","1","2023-10-18T11:25:26.036Z","100","4390","4396"
"110.34.166.182","elite","AS45652","SG","VPLS, Inc.","392","Vpls Sin1","4153","socks4","4992","1","2023-10-18T11:25:25.636Z","99","4389","4430"
"103.82.8.237","elite","AS136156","BD","FNF Online","198","N/A","4153","socks4","5109","1","2023-10-18T11:25:25.641Z","68","3015","4432"
"136.244.89.35","elite","AS20473","DE","The Constant Company","11","Vultr Holdings, LLC","10487","socks4","4693","1","2023-10-18T11:25:25.549Z","40","1751","4420"
"185.5.246.222","elite","AS15605","IT","Connesi s.p.a.","38","Cristaltec SPA","4153","socks5","1693","1","2023-10-18T11:25:26.032Z","99","4276","4323"
"138.0.229.232","elite","AS263725","HN","Multicable De Honduras","202","Multicable De Honduras","26372","socks5","4903","1","2023-10-18T11:25:25.635Z","95","4256","4468"
"103.60.138.2","elite","AS134016","IN","Velocity Internet India Private Ltd","190","Velocity Internet India Private Ltd","4153","socks4","4798","1","2023-10-18T11:25:25.638Z","99","4407","4451"
"223.155.121.75","elite","AS4134","CN","Chinanet","224","Chinanet HN","3128","socks4","4886","1","2023-10-18T11:25:25.639Z","82","3667","4449"
"43.153.73.157","elite","AS132203","US","Shenzhen Tencent Computer Systems Company Limited","154","Tencent Cloud Computing","443","socks5","2084","1","2023-10-18T11:25:25.547Z","75","3346","4453"
"178.128.173.12","elite","AS14061","GB","DigitalOcean, LLC","17","Digitalocean","9014","socks5","2304","1","2023-10-18T11:25:25.950Z","100","4431","4442"
"104.16.107.206","elite","AS13335","CA","Cloudflare, Inc.","3","Cloudflare, Inc.","80","socks4","4804","1","2023-10-18T11:25:23.535Z","100","4461","4463"
"223.25.101.86","elite","AS9341","ID","PT Indonesia Comnets Plus","185","Sinerginet","5678","socks4","5012","1","2023-10-18T11:25:21.136Z","99","4213","4272"
"161.97.97.231","elite","AS51167","DE","Contabo GmbH","86","Contabo GmbH","10050","socks4","3690","1","2023-10-18T11:25:21.343Z","98","4390","4459"
"191.253.106.140","elite","AS28343","BR","Unifique Telecomunicações SA","292","UNIFIQUE TELECOMUNICACOES S/A","8080","socks4","3001","3","2023-10-18T11:25:21.036Z","91","4044","4425"
"8.42.68.249","elite","AS399869","US","Mountain Broadband","192","Level 3, LLC","39593","socks4","4789","1","2023-10-18T11:25:21.037Z","100","4381","4383"
"197.255.253.33","elite","AS37521","NG","Internet Solutions Nigeria Limited","114","ISN(Nova)","5678","socks4","4415","1","2023-10-18T11:25:21.043Z","99","4353","4389"
"186.251.255.253","elite","AS267513","BR","Seanet Telecom Carazinho Eireli","294","Seanet Telecom Carazinho Eireli","31337","socks4","5004","1","2023-10-18T11:25:21.138Z","100","4339","4356"
"186.211.96.97","elite","AS53062","BR","Ggnet Telecom Backbone","296","Ggnet Telecom Backbone","5678","socks4","4993","1","2023-10-18T11:25:21.042Z","99","4366","4389"
"210.57.216.110","elite","AS38142","ID","Airlangga University","198","Universitas Airlangga, y","4145","socks4","3092","1","2023-10-18T11:25:21.039Z","100","4383","4405"
"103.199.158.97","elite","AS134318","IN","city broadband network pvt.ltd","186","N/A","41610","socks4","4895","1","2023-10-18T11:25:21.038Z","100","4336","4356"
"202.6.224.51","elite","AS23756","ID","Padi Internet","207","N/A","1080","socks4","4983","81","2023-10-18T11:25:20.949Z","100","4390","4399"
"36.66.133.19","elite","AS7713","ID","PT. Telekomunikasi Indonesia","185","N/A","5678","socks4","2289","1","2023-10-18T11:25:20.947Z","85","3684","4315"
"43.153.27.113","elite","AS132203","US","Shenzhen Tencent Computer Systems Company Limited","152","Tencent Cloud Computing","443","socks4","4000","78","2023-10-18T11:25:19.141Z","83","3627","4383"
"138.0.53.101","elite","AS264525","BR","Coelho Tecnologia","196","Instituto De Desenv. Urbano De Canaa Dos Carajas","5678","socks5","3889","1","2023-10-18T11:25:19.139Z","96","4265","4440"
"117.66.172.179","elite","AS4134","CN","Chinanet","197","Chinanet AH","20008","socks5","4987","1","2023-10-18T11:25:19.143Z","19","863","4443"
"171.248.37.225","elite","AS7552","VN","Viettel Corporation","292","VIETEL","5678","socks4","1308","1","2023-10-18T11:25:17.245Z","82","3600","4393"
"105.27.199.218","elite","AS37100","ZA","SEACOM Limited","191","Seacom Assignments","5678","socks4","5011","1","2023-10-18T11:25:17.453Z","97","4272","4402"
"45.196.151.59","elite","AS7018","US","AT&T Services, Inc.","85","AQUA Networks Limited","5432","socks4","2892","1","2023-10-18T11:25:17.043Z","98","4252","4338"
"37.228.129.57","elite","AS200651","FI","Flokinet Ltd","35","FlokiNET Finland","22122","socks5","4802","1","2023-10-18T11:25:17.450Z","56","2509","4489"
"119.8.111.196","elite","AS136907","HK","Huawei International Pte. LTD","248","N/A","1080","socks5","4804","1","2023-10-18T11:25:17.241Z","90","4017","4475"
"197.234.13.39","elite","AS36902","SC","Intelvision","195","Intelvision Ltd","4145","socks4","4496","83","2023-10-18T11:25:17.244Z","100","4371","4385"
"189.17.29.100","elite","AS4230","BR","Claro S.A.","193","Claro S.A","4230","socks5","4603","2","2023-10-18T11:25:17.240Z","100","4415","4426"
"47.242.149.229","elite","AS45102","HK","Alibaba.com LLC","241","Hong Kong","443","socks5","4501","1","2023-10-18T11:25:17.246Z","85","3675","4346"
"151.237.173.212","elite","AS29072","RU","Regional Digital Telecommunication Company","94","Regional Digital Telecommunication Company","62311","socks5","4491","1","2023-10-18T11:25:17.242Z","99","4356","4407"